count,keyword
1321,Summer
1315,Women's Fashion
1082,Fashion
961,Women
905,Casual
636,Plus Size
580,sleeveless
549,Dress
540,Shorts
507,Tops
328,sexy
324,Beach
300,Sleeve
296,short sleeves
296,Print
281,Shirt
265,Tank
254,Necks
241,V-neck
235,printed
235,T Shirts
219,tank top
216,Cotton
212,summer dress
212,Ladies
204,Loose
201,blouse
197,pants
189,Vest
185,beach dress
174,women dress
174,Floral
173,Lace
170,Mini dress
164,Mini
162,slim
151,Sleeveless dress
142,Women Fashion
139,Round neck
136,casual dress
130,Waist
129,party
123,long dress
120,Party Dress
109,Sport
108,Floral print
107,Slim Fit
106,Spaghetti
104,backless
99,jumpsuit
95,Short pants
91,Bikini
88,Swimsuit
86,loose dress
86,high waist
86,boho
85,Swimwear
84,Swimming
79,Dresses
77,Halter
74,Skirts
73,Spaghetti Strap
70,summer dresses
70,sleeveless tops
68,trousers
66,solid color
61,summer t-shirts
61,Suits
60,Elastic
60,Deep V-Neck
58,summer tops
56,women top
54,Sexy Dress
54,Ladies Fashion
54,Casual pants
53,women Jumpsuit
53,letter print
51,maxi dress
51,crop top
51,Vintage
50,Men's Fashion
49,Yoga
49,Summer Fashion
49,Pleated
49,Lace Up
47,Fitness
45,topsamptshirt
45,Women Vest
45,Spring
44,summer shorts
44,Men
43,tunic
43,Tops & T-Shirts
41,off shoulder
41,Pure Color
41,Casual T-Shirt
40,Tops & Blouses
39,boho dress
39,Floral dress
38,plus size dress
38,cute
38,chiffon
38,Funny
36,black
36,Cotton T Shirt
35,Jeans
34,polka dot
34,Overalls
34,Flowers
34,Cotton Dress
33,beach wear
33,Polkas
33,Pocket
33,Lace Dress
33,Bras
32,women shorts
32,short dress
32,camisole
32,bathing suit
32,Leggings
31,elastic waist
30,short sleeve dress
30,Rompers
29,loose t-shirt
29,graphic tee
29,casual dresses
29,button
29,bikini set
29,Women S Clothing
29,Party Dresses
29,Outfits
29,Elegant
28,Bottom
27,women dresses
27,tops for women
27,Running
27,Long pants
27,Jumpsuits & Rompers
27,Clothes
26,women t shirt
26,t
26,halter dress
26,camouflage
26,Long Sleeve
26,Denim
26,Clothing
25,Striped
25,Sleeveless Shirt
25,Outdoor
25,Evening Dress
24,white
24,strapless
24,slim dress
24,Pullovers
23,short sleeve shirt
23,print dress
23,onepiece
22,fashion women
22,Wool
22,Women Blouse
22,Tie Dye
22,Midi Dress
22,Holiday
22,Casual Tops
21,womens dresses
21,sundress
21,summerpant
21,splits
21,padded
21,butterfly
21,Women Clothing
21,Robes
21,Dyes
21,Beach Shorts
20,fashion dress
20,Stripes
20,Denim Shorts
20,Cross
19,topsampblouse
19,neck dress
19,harem pants
19,dressesforwomen
19,casual shirt
19,Push up bikini
18,women tank top
18,strap
18,sexy lace
18,sexy bikini
18,ruffle
18,Women Rompers
18,Panties
18,Bikinis Set
17,zippers
17,women shirt
17,vestido
17,bohemia
16,yogashort
16,shortsforwomen
16,o-neck
16,men's shorts
16,Women Pants
16,Short Sleeve T-Shirt
16,Sandals
16,Printed T Shirts
16,Plus size top
15,womens top
15,summer tank top
15,summer shirt
15,retro
15,Slippers
15,Maxi Dresses
14,t-shirt dress
14,knee
14,bohemian
14,beachpant
14,backless dress
14,Two piece set
14,Two Pieces
14,Tunic dress
14,Sport Suits
14,Sexy Top
14,Green
14,Cotton Shirt
13,widelegpant
13,tunic top
13,summerjumpsuit
13,skull
13,rompers womens jumpsuit
13,robefemme
13,lace top
13,high waisted shorts
13,casualshort
13,bodycon
13,V Neckdress
13,Bodycon Dress
13,Athletics
12,women's dress
12,women trousers
12,women beachwear
12,sleeve v-neck
12,playsuit
12,jumpsuitsampromper
12,blousesampshirt
12,Swing dress
12,Strapless Dress
12,Shoes
12,Men Shorts
12,Corset
12,Cool T-Shirts
12,Collar
12,Causal
11,yoga top
11,women swimsuit
11,water
11,strappy
11,sleevelessjumpsuit
11,sleevelessblouse
11,skinny pants
11,long skirt
11,high waist shorts
11,feather
11,chiffon dress
11,chiffon blouse
11,bohemian dress
11,beach swimwear
11,Women Skirts
11,Underwear
11,Tops & Tees
11,T-Shirt womens
11,Sports Wear
11,Sling
11,Sleepwear
11,Short Sleeved
11,Patchwork
11,Inflatable
11,Fashion Accessory
11,Cocktail
10,womens tank tops
10,topsamptee
10,tank top women
10,slingdre
10,sleeve dress
10,silk
10,shortsleeveset
10,short skirt
10,sexy jumpsuit
10,runningshort
10,off shoulder top
10,men's suits
10,loosepant
10,lip
10,clubwear
10,belt
10,athleticshort
10,Yellow
10,Vintage dress
10,Tankinis
10,Printing
10,Hollow-out
10,Design
10,Classics
10,Blues
10,Army
9,women long pants
9,women bathing suit
9,wasitcincher
9,waistgirdle
9,waist trainer
9,suspenders
9,sportshort
9,slimmingcorset
9,slimming
9,shirt dress
9,punk
9,pleated dress
9,loosejumpsuit
9,linenjumpsuit
9,leaf
9,jogging
9,hippie
9,floralprinted
9,Women Set
9,Short Sleeve Blouses
9,One Piece Swimsuits
9,Men's pants
9,Love
9,Lines
9,Home & Living
9,Halter Bikini
9,Funny T Shirt
9,Elegant Dress
9,Chiffon Shirt
9,Cartoons
9,2pieceset
8,yoga pants
8,womens vest
8,women swimwear
8,women crop top
8,twopieceoutfit
8,teesamptshirt
8,tankvest
8,summervest
8,summersuitset
8,shaperwear
8,printeddre
8,off shoulder dress
8,minishirtdres
8,mididre
8,looseblouse
8,kids
8,gymshort
8,floral lace
8,denimjeansdres
8,bandage bikini
8,asymmetric
8,Women's Jumpsuits
8,V-neck Dresses
8,Toy
8,Tee
8,Tassels
8,Sunflowers
8,Round Collar
8,Loose tank tops
8,Hot pants
8,Breathable
7,womensfahsion
7,womens clothes
7,womemstop
7,white dress
7,vesttop
7,tiedyeprint
7,swimsuits for women
7,sweat suit
7,strappant
7,sportsset
7,splitbikiniset
7,spaghettistrapdresse
7,skinnyshort
7,sexy bathing suit
7,plussizejumpsuit
7,minidressforwomen
7,mini skirt
7,loose top
7,loose shirt
7,linen dress
7,kimono
7,jean shorts
7,high waist bikini
7,floralprinteddre
7,dress slim
7,drawstring
7,crochet
7,bubble
7,Womens shorts
7,Womens Blouse
7,Tee Shirt
7,Socks
7,Mens T Shirt
7,Jewelry
7,Gifts
7,Fun
7,Cover
7,Cotton Vest
7,Colorful
7,Coat
7,Blouses & Shirts
7,Bikini swimwear
7,Balloon
7,Bags
7,#top #crop
6,women's pants
6,women clothes
6,wavepoint
6,two piece swimsuit
6,summerdressesforwomen
6,solid
6,silksleepwear
6,sexyblouse
6,sexy shirts
6,sailboatshort
6,push up swimwear
6,printeddres
6,printed shirts
6,print t-shirt
6,open toe
6,mensjoggersuit
6,ladies dress
6,lace trim
6,high waisted
6,gymwear
6,floralprinteddres
6,fashion vest
6,fashion pants
6,european
6,drawstringshort
6,capripant
6,bubbleball
6,bras for women
6,bibpant
6,beachwear for women
6,Womens T Shirts
6,Womens Shoes
6,Vacation
6,Tanktops for women
6,Tankini Set
6,Swing
6,Sports & Outdoors
6,Shift Dress
6,Rose
6,Pajamas
6,Harajuku
6,Graphic Shirt
6,Fashion Accessories
6,Deep V-neck Dress
6,Cats
6,Cami Tank Tops
6,Bow
6,Bottoming shirt
6,Beauty
6,Beach Shorts Women
5,yoga leggings
5,wrappedchest
5,womens shirt
5,women's pajamas
5,women summer tops
5,women fashion shorts
5,vneckshirt
5,vest dress
5,twopiecesset
5,tunicsforwomen
5,trousersforwomen
5,tracksuitsforwomen
5,teeshirthomme
5,tanktopforwomen
5,sundressesforwomen
5,summerwear
5,spaghettistrapdre
5,slingvest
5,sleevelesstshirt
5,sleevele
5,silksleepwearnightgown
5,silksleepwearforwomen
5,shortjumpsuit
5,sexydressesforwoman
5,sexy tank top
5,sexy pajamas for womens
5,sexy dresses
5,scarf
5,runningset
5,runningpant
5,ruffled
5,printedvest
5,pool
5,plaid
5,partydressesforwomen
5,pajamassuit
5,pajamassleepwear
5,pajamasforwomen
5,pajamaset
5,monokini
5,momshirt
5,lace shirts
5,kleid
5,irregulardre
5,gowns
5,gothic
5,fitnessvest
5,featherprint
5,fashion top
5,dressforwomen
5,deep v neck top
5,croppedtrouser
5,cottontop
5,casualdressesforwomen
5,casualblouse
5,cardigan
5,butterflyprint
5,blouse women
5,bigswing
5,beachsuit
5,beach coverup
5,asymmetrical dress
5,Womens swimwear
5,Women jeans
5,Tube top
5,Sprays
5,Sports Pants
5,Skeleton
5,Red
5,Pleated Skirt
5,Lingerie
5,Leopard
5,Ladies Top
5,Home & Kitchen
5,Home
5,Hip Hop
5,High Waist Pants
5,Head
5,Flip Flops
5,Denim pants
5,Cover Ups
5,Cocktail dresses
5,Clothes for women
5,Children
5,Cami
5,Body Suit
4,womens jeans
4,women tank
4,woman fashion
4,wedge
4,wedding dress
4,wavepointdre
4,tee shirt women
4,tank tops women
4,swim suit cover up
4,surfshort
4,summer skirt
4,summer shoes
4,summer bikini
4,striped dress
4,street style
4,splitdre
4,spaghettishoulderstrapdre
4,slingtop
4,slingdres
4,slimpant
4,sleevelessdresse
4,skullprint
4,shortssuit
4,short leggings
4,sandals for women
4,rompersforwomen
4,push up bra
4,pure
4,punk style
4,prom dress
4,printjumpsuit
4,print shirt
4,princess dress
4,polka dot dress
4,pencil pants
4,offshoulderjumpsuit
4,mensjoggingsuit
4,low
4,looseshort
4,long sleeve blouse
4,long dresses
4,letterprinted
4,largecottonandlinenwomenstrouser
4,lace lingerie
4,korean style
4,knit
4,harem
4,halterneck
4,hair
4,gaes
4,funnytee
4,funnyshirt
4,flaresleeve
4,fitness leggings
4,fashion dresses
4,elasticwaistshort
4,cottontee
4,cottonlinendre
4,comfy
4,casualjumpsuit
4,candy
4,camping
4,cami top
4,brazilian
4,bra top
4,bodycon jumpsuits
4,bodybuildingshort
4,blousetop
4,beetshirt
4,beachtshirt
4,beachdresse
4,bathing suit cover ups
4,bandage top
4,backless top
4,Workout
4,Womens Swimsuit
4,Women's Casual Tops
4,Waterproof
4,Vintage Dresses
4,Two-Piece Suits
4,Triangles
4,Swimming suit
4,Sweatshirts
4,Simple
4,Sexy Swimwear
4,Puma
4,Printing t shirt
4,Princess
4,One-Piece Suits
4,Music
4,Men's Shirt
4,Men Tops
4,Masks
4,Large Size
4,Lace Bikini
4,Kawaii
4,Invisible
4,Indoor
4,Head Bands
4,Graphic T-Shirt
4,Goth
4,Food
4,Crystal
4,Cocktail Dress
4,Cargo pants
4,Buckles
4,Bikinis For Women
4,Ankle
4,American
4,3D T-shirt
4,34pant
3,woven
3,womenshortspant
3,womenshortsleevedre
3,womens sexy tops
3,women's jogging suits
3,women summer dress
3,women sexy dress
3,women casual dress
3,woman shirt summer
3,vogue
3,vintageshirt
3,vesttank
3,twopiecesoutfit
3,two piece bathing suit
3,tshirtforwomen
3,tshirtandtop
3,trending
3,topsandtop
3,tiktok
3,tacticalpant
3,sweetheart
3,summerset
3,summercroptop
3,summercardigan
3,strapless crop top
3,strapdre
3,sportsshort
3,sportsamprecreation
3,spaghettistrapdres
3,spaghettishoulderstrapdres
3,spaghetti strap top
3,sommerkleid
3,solidcolorshirt
3,soildcolor
3,slimtop
3,slim shirts
3,sleeveless crop top
3,sleeve lace
3,skeletonprinted
3,shortsleevetop
3,shirtsforwomen
3,shirt women
3,sexyshort
3,sexy swimsuit
3,sexy bra
3,quickdry
3,printedtop
3,pocketdres
3,plus size bathing suits
3,pink
3,pantsformen
3,package hip dress
3,overallsforwomen
3,outdoorsuit
3,openfront
3,onecktshirt
3,one-shoulder
3,off the shoulder top
3,night dress
3,mensummertshirt
3,mens Trousers
3,maxi skirt
3,low cut
3,lovely
3,loosedresse
3,longcardigan
3,long sleeve t shirt
3,long sleeve shirt
3,lipprint
3,leopard print
3,legs
3,lace bralette top
3,lace blouse
3,knitted
3,joggingpant
3,jogging suit
3,jeansforwomen
3,highwaistdres
3,halter top
3,gothicshirt
3,funnytop
3,flowerprint
3,flat shoe
3,femmerobe
3,femalevest
3,fashion bikini
3,evening party dress
3,decoration
3,damenkleid
3,cuteshirt
3,cropped top
3,cottonlinenshirt
3,cool
3,coldshoulder
3,casualvest
3,casual shoes
3,bodycon top
3,blusasfeminina
3,black dress
3,bermudashort
3,beachwearbikini
3,beachvest
3,art
3,animalprotectiontshirt
3,Wedge Sandals
3,Trousers & Shorts
3,Tank&Sleeveless
3,Swimsuit Cover
3,Swimdresses
3,Sport Tops
3,Splicing
3,Slim T-shirt
3,Slim  Fitting
3,Sexy Tshirt
3,Set
3,Sandals & Flip Flops
3,Print Dresses
3,Polos
3,Plus Size Fashions
3,Off shoulder shirt
3,Nylon
3,New arrival
3,Moon
3,Men T-shirt
3,Korean
3,Jacket
3,High Heel
3,Heart
3,Hats
3,Hair Band
3,Hair Accessories
3,Grey
3,Graffiti
3,Girls Dresses
3,Get
3,Game
3,Flats
3,Fashion tank top
3,Fashion Men
3,Dinosaur
3,Crewneck
3,Club Dress
3,Children's Toys
3,Causal Dress
3,Body Shapers
3,BikiniWomen
3,Bat
3,Bandages
3,Accessories
3,Above Knee dresses
3,A line dress
3,#fashion #tshirt
2,yogavest
2,yogasuit
2,wrap dress
2,womenswimwearbikini
2,womensleevelessdres
2,womens shorts suit
2,womens bralette
2,womens  tank
2,womenmonokini
2,womendressshirt
2,womencasualshort
2,women's wear
2,women's sleeveless tank
2,women's fashion T-shirt
2,women sport suit
2,women shirt Blouse
2,women long dress
2,wedgessandal
2,vocation
2,vneckcamisole
2,vestdresse
2,velvet
2,usb
2,unisex
2,undersafetypant
2,two piece dress
2,tunicdresse
2,tubetopdre
2,tshirtshort
2,triangle bikini swimwear
2,track suit
2,topsforwoman
2,toppant
2,topandblouse
2,tiktoktshirt
2,thinsock
2,the new
2,tes
2,tennisdres
2,tasseldre
2,tankini bathing suits
2,tacksuit
2,swimmingpoolspraypad
2,suspenderdres
2,suspended
2,suntop
2,sun hat
2,summerwomenbikini
2,summertee
2,summersleeveelessdres
2,summershortpant
2,summercocktaildres
2,summerampspring
2,suits for women
2,striped bikini
2,stretchshort
2,stretch
2,streetwear
2,strappytop
2,strangerthing
2,strand
2,springandsummer
2,sportvest
2,sportampoutdoor
2,sport suit women
2,sport pants
2,spaghettistraptshirt
2,soliddresse
2,solidcolorshort
2,soakoffgel
2,slitpant
2,slippers women
2,slippers for women
2,slingdresse
2,slimvest
2,slimfittop
2,slimfitdre
2,slim fit shirt
2,sleevelessvest
2,sleevelessskirt
2,sleeve chiffon
2,silver
2,shouldertop
2,shoulder dress
2,shortsleevesdres
2,shortsleevesdre
2,shortshirt
2,shortsformen
2,shortromper
2,shortpantsforwomen
2,short-sleeved shirt
2,short-s jeans
2,short skirt skorts
2,shirts for men
2,sexyvest
2,sexy underwear
2,sexy skirt
2,sexy shirts for women
2,sexy one piece bathing suit
2,sexy monokini
2,sexy lingerie
2,sexy Women's Fashion
2,sandybeach
2,sandalswomen
2,sandalendamen
2,sandalefemme
2,safetypant
2,running skirt
2,ruffle top
2,ruffle crop top
2,roupas femininas
2,roundneckdres
2,rippedshort
2,rippedjean
2,rainbow
2,quickdryingshort
2,punktshirt
2,prom dresses
2,printvest
2,printtank
2,printedletterstop
2,princessprom
2,poloshirtsformen
2,pocketskirt
2,pocketsdres
2,plusszie
2,plussizeshort
2,plussizeclothe
2,plus
2,platformsandal
2,plaincolordres
2,permanent
2,pencil skirt
2,pencil
2,pantsforwomen
2,pantalonfemme
2,pant womens summer
2,padded bikini
2,one shoulder dress
2,one piece bathing suit
2,offtheshoulder
2,offsholuder
2,national
2,moonshirt
2,moonphase
2,minidresselvendre
2,midriff
2,menssummersuit
2,mensfitnessshirt
2,men jeans
2,low cut top
2,loveprinttshirt
2,lotusprinted
2,loosevest
2,loosecasualsweatpant
2,longshirtsforwomen
2,longloosedres
2,long_maxi_dress
2,lipsshirt
2,linentop
2,leggingsamptight
2,ladies skort
2,lacesummer
2,laceshort
2,lacehollow
2,lace vest
2,lace skirts
2,lace dresses
2,korea
2,knot
2,knittop
2,knitted crop top
2,kimonosforwomen
2,kimonocardigan
2,kanyewest
2,kaftandresse
2,kaftandre
2,jumsuitsforwomen
2,jumpsuitsforwomen
2,jumpsuitforwomen
2,jogging suits for women
2,jackdanielsprinttop
2,isolation
2,hotcasual
2,hooded
2,homeampliving
2,holidaydres
2,hightwaistdres
2,henley
2,heightenedshoe
2,heandband
2,headbandsturban
2,head scarf
2,haltershirt
2,graphic tees women
2,gradientcolor
2,girl bra
2,gel nail polish
2,gatherbracketbikini
2,fluffy
2,floralprintdres
2,floral shirt
2,flamingo
2,fitness top
2,fit
2,fish
2,fashionwomencroptop
2,fashionshortsleeve
2,fashionbrandsuit
2,fashion brand
2,falda
2,espadrille
2,ellesse
2,elasticshort
2,elasticlegging
2,easy
2,drawstringpant
2,donnahoney
2,depilatory
2,deepneck
2,dandelionfloralprinted
2,daisy
2,crossstrap
2,croptopsforwomen
2,croptopandshortsset
2,crops
2,cowlbacktshirt
2,cottonmask
2,cottonblendjumpsuit
2,cotton crop top
2,corset top
2,contrastcolor
2,colorblock
2,chiffontshirt
2,chiffonpant
2,cheststrapvest
2,charmingdres
2,casualwomendres
2,casualmensshirt
2,casual wear
2,capri leggings
2,camouflagewomensdre
2,camouflagevest
2,camouflageprint
2,camouflagedre
2,buttontop
2,bralette top
2,boxer shorts
2,bowknot
2,bohostyle
2,bohoheadband
2,bodysuitsjumpsuit
2,blousedre
2,bikiniswimwearcoverup
2,bikinis women
2,beachwearladie
2,beachcoat
2,beachbag
2,beach5pant
2,beach shoes
2,beach bikini
2,basictee
2,basicdressboho
2,bandeau top
2,bandagebra
2,bandage swimsuit
2,ballonnen
2,ball gown
2,baggyshort
2,baggypant
2,baggydres
2,baggy
2,backlessshirt
2,backlessbeachwear
2,backless tank tops
2,athleticpant
2,armpit
2,antislip
2,anklesock
2,animal print
2,Workout tanktop
2,Women Sandals
2,Women Party Dress
2,Winter
2,Wings
2,UV Gel
2,Tub
2,Tennis
2,Tees & T-Shirts
2,SwimwearWomen
2,Sweets
2,Sweaters
2,Sunscreen
2,Street
2,Strapless Top
2,Stitching
2,Spring/Autumn
2,Sportwear women
2,Sports Bra
2,Spike
2,Soft and comfortable
2,Soft
2,Short top
2,Sheath Dress
2,Seats
2,Seamless
2,SEXY CROP TOP
2,Rubber
2,Ring
2,Rhinestone
2,Rechargeable
2,Prom
2,Printed Tee
2,Polyester
2,Polo Shirts
2,Plus Size Swimwear
2,Platform Shoes
2,Picnic
2,Pets
2,Pants & Capris
2,Padded Bra
2,Office
2,Navy
2,Nails
2,Nail Polish
2,Nail Gel
2,Mother
2,Mori Girl
2,Monokini Swimsuits
2,Midi Dresses
2,Medium
2,Maxis
2,Lotus
2,Long sleeve top
2,Lolita
2,Leisure
2,Knickers
2,Jerseys
2,Irregular
2,Hunting
2,Home Decor
2,Hollow
2,High Waisted Bikini
2,Health
2,Handmade
2,Handbags
2,Gym
2,Grunge
2,Golf
2,Girls Clothes
2,Geometric
2,Garden
2,Fox
2,Formal Dress
2,Fitted
2,Fashion Suits
2,Fashion Skirts
2,Face Mask
2,Exercise & Fitness
2,European Style
2,Electric
2,Draped
2,Dogs
2,Dark
2,DIAMOND
2,Cushions
2,Cup
2,Crossbody Bag
2,Couple
2,Cotton Socks
2,Chiffon top
2,Chair
2,Chain
2,Cap
2,Canvas
2,Bracelet
2,Boxer
2,Bodycon Dresses
2,Boat
2,Beach slippers
2,Baseball Cap
2,Baseball
2,Bandage Dresses
2,Baby
2,Animal
2,Active
2,A-line
2,3dprinttshirt
2,3dprint
2,34sleevedres
2,2018fashion
2,#Sport Bra
1,шортымужские
1,漁師の帽子
1,zippertop
1,zippersleevelessvest
1,young
1,yogateeshirt
1,yogasuitset
1,yogaromper
1,yoga2pcsset
1,wrapjumpsuit
1,wovenbag
1,workoutshortsformen
1,workoutampyoga
1,workout top
1,womenunderwearsuit
1,womentee
1,womenswimsit
1,womenswimbottom
1,womensundres
1,womensummerswimwear
1,womensummershort
1,womensummersexybacklessbikini
1,womensummeroutfit
1,womensummerclothe
1,womenstraplessbra
1,womenssexyshort
1,womensporttracksuit
1,womensportset
1,womensportoutfit
1,womensleepwearset
1,womensjumpsuitsromper
1,womenshortpant
1,womenshortpan
1,womenshoessummer
1,womenshirtset
1,womensfahison
1,womensexytanktop
1,womensexybraset
1,womensexy
1,womens workout tank tops
1,womenpalysuit
1,womenpajamasset
1,womenpaddedbra
1,womenoverall
1,womenoutfit
1,womenonepiecebikini
1,womenonepiece
1,womennightwear
1,womenminishort
1,womenhotshirt
1,womengirlsummersexyprintedflowerdres
1,womenfashionsummerbikinisset
1,womenfashionclothing
1,womendre
1,womencottondres
1,womencausaltshirt
1,womenbreathableshoe
1,womenbra
1,womenbohemiandre
1,womenbikiniset
1,womenbeahcwear
1,womenbeachblouse
1,women39sfashion
1,women's plus size fashion
1,women yoga pants
1,women track suit
1,women shoes
1,women lingerie
1,women hats
1,women halter tops
1,women fashion dress
1,women chiffon shirt
1,women bags
1,womanskirt
1,womans fashion
1,womanbra
1,woman vest
1,woman top
1,wolfprint
1,windowscreennet
1,widetrouser
1,widelegjumpsuit
1,wideleg
1,white crop top
1,whiskeytshirt
1,wedgesshoeswomen
1,wear
1,wavering
1,waveprintdres
1,wavepointdres
1,waterpump
1,waterproofphonebag
1,waterproofmat
1,waterproof bag
1,wateringchildrenstoy
1,waterfloatingpump
1,waterballoon
1,waterball
1,waistcollection
1,vtie
1,vorhang
1,vneckjumpsuit
1,virsorcap
1,vintagetop
1,vintagestylewomendressfloralhighwaisteveningpartyslimlongswingdres
1,vintagejean
1,vintagedresswomen
1,vestidoscasualesdemujer
1,vestidoderenda
1,vestido de festa
1,vestforwomen
1,vestforwoman
1,vestcasual
1,velvetshort
1,vacationdre
1,v neck crop top
1,uvlampgel
1,uv
1,usbfan
1,usbcooler
1,unisex clothing
1,uniquetop
1,uniquedres
1,unicorn
1,uneck
1,underarmshield
1,underarm
1,ultrathinbra
1,turtleneck
1,turbanheadband
1,tunicvesttopswomen
1,tunictopforwomen
1,tunics women
1,tubecroptop
1,tshirtsuit
1,tshirtsfemme
1,tshirts for women
1,tshirtcotton
1,tshirtcasualtop
1,tshirtandshortsset
1,trouserswomen
1,trousersformen
1,trousersampshort
1,triangle bikini
1,trendshirtwomen
1,travelfan
1,transparentdres
1,transparentblouse
1,trainingquickdryshort
1,trainingcorset
1,tracksuitshort
1,tracksuitpant
1,trackpant
1,totemprint
1,topsforwomenkleiderdamen
1,topsforfemale
1,tops shirts for women
1,topbra
1,topbasegel
1,toolsgadget
1,tinyring
1,tigershirt
1,tigerking
1,tiedyetshirt
1,tiedyetank
1,tiedyeshirt
1,tiedyeprinted
1,theweststyle
1,thevampirediarie
1,tennisskirt
1,teevest
1,teetop
1,teen
1,tearresistant
1,tattoo
1,tasselslingerie
1,tasselbikini
1,taschendamen
1,tanktopshirt
1,tanktopdres
1,tanktopcroptop
1,tanksforwomen
1,tankdres
1,tankdre
1,tankcroptop
1,takeashower
1,taeeltshirt
1,t shirt printing
1,swimwearwomen2017
1,swimwear for men
1,swimwea
1,swimsuitscoverup
1,swimsuits for girls
1,swimsuit model
1,swimring
1,swimmingshort
1,swimmingpoolseat
1,swimmingmask
1,swimminglap
1,swimmingfacemask
1,swimmingchair
1,swimmingbottom
1,swimming suit for women
1,swimming pool supplies
1,swim trunk
1,swim dress
1,sweetheartdres
1,sweatvest
1,sweatpad
1,sweatguardpad
1,sweatersformen
1,sweatabsorbent
1,sweat pants
1,suzuki
1,surferring
1,sunshine
1,sunshadecover
1,sunmmertshirt
1,sunhatfordog
1,sunflowerprint
1,sunflowerbathingsuit
1,sun protection swimwear
1,sumnerblouseforwomen
1,summerwomentop
1,summerwomenladysleevelesschiffonflouncinglongsundressdressmaxidressloosedlongdres
1,summertrouser
1,summertool
1,summertank
1,summerswimwear
1,summerswimsuit
1,summerswimming
1,summersunsuit
1,summersuit
1,summersportsvest
1,summersportssuit
1,summersock
1,summershortswomen
1,summershortsleevetshirt
1,summershortsforwomen
1,summershortsformen
1,summershirtsformen
1,summeroutfit
1,summeronepiece
1,summermensclothing
1,summerlongskirt
1,summerjean
1,summerfashiontshirt
1,summerfashiontop
1,summerfamilyentertainmenttoy
1,summerdresseswomen
1,summercasualfashionsexywomenprintbikinissetpushupbraswimsuitmidwaist
1,summercasualdres
1,summercap
1,summerblouse
1,summerbikiniset
1,summerbeachbikini
1,summerbeach
1,summerbathingsuit
1,summerathleisure
1,summer clothes for women
1,studentsstyle
1,stripetee
1,stripedres
1,stretchytop
1,strawbag
1,strappydres
1,strappydre
1,strappy bikini
1,strappingshort
1,straplesstanktop
1,straplessblouse
1,strapless bikini
1,strapdres
1,straighttrouser
1,statementring
1,squarescarf
1,springskirt
1,springdre
1,sprayer
1,sportytankini
1,sporty
1,sportwear
1,sporttshirt
1,sportstop
1,sportspantie
1,sportset
1,sportsampoutdoor
1,sportfan
1,sportcroptop
1,sportampentertainment
1,sport2set
1,sport tank top
1,sport legging
1,sport bra top
1,splitswimsuit
1,splitdresse
1,splitbohodre
1,splicedre
1,splice
1,spaghettistrapsdres
1,spaghettistrapjumpsuit
1,spaghetti strap tank top
1,southafrican
1,solidtop
1,solidtank
1,soliddre
1,solidcolortop
1,solidcolorshortpant
1,solidcolordresse
1,solidcolordres
1,solidcolordre
1,solidblouse
1,solidbiker
1,solarfountain
1,softcomfortable
1,socksamptight
1,socksamphosiery
1,smallvest
1,slitdres
1,slingshirt
1,slimwaistshaperbelt
1,slimvestmen
1,slimtank
1,slimmingwaistbelt
1,slimmingshapewear
1,slimmingcream
1,slimfitpant
1,slim long
1,slideslipper
1,slidesforwomen
1,sleveles
1,sleeves
1,sleevelessvestmen
1,sleevelesstopsforwomen
1,sleevelesstanktop
1,sleevelessshort
1,sleevehead
1,sleepweardre
1,slashneckjumpsuit
1,slashneck
1,slack
1,skulltanktopforwomen
1,skullshirtwomen
1,skullshirt
1,skullprinted
1,skort
1,sknnyshort
1,skirtsuit
1,skinnylegging
1,skinny jeans
1,skinny
1,skinngjean
1,skewshoulder
1,skewneck
1,skeletonvest
1,skeletonprint
1,skateboardsticker
1,sizesxxxl
1,singleshoulder
1,simplebib
1,simfit
1,silmfit
1,silksock
1,silk dress
1,siliconedivingmask
1,sidesplitshirt
1,siamesetrouser
1,showerroom
1,shoulderdrape
1,shorttshirt
1,shortsock
1,shortsleevestee
1,shortsleevee
1,shortskirtsdresse
1,shortsetsforwomen
1,shortsection
1,shortsdresse
1,shorts feminino
1,shortjean
1,short sleeved tshirt
1,shirtdressforwomen
1,shirtandshort
1,sheertop
1,sheerlacebra
1,sheer mesh top
1,shaping
1,sexywomendre
1,sexytshrit
1,sexythongswimwear
1,sexyswimwearset
1,sexysummerdres
1,sexyshortdresse
1,sexyplussizetankini
1,sexypleated
1,sexyoutfit
1,sexydressforwomen
1,sexyblousetop
1,sexyblouseforwomen
1,sexybacklessdres
1,sexyandbeautifulstyle
1,sexy tops for women
1,sexy tankini
1,sexy tank
1,sexy sleepwear dress
1,sexy leggings
1,sexy lace tank top
1,sexy camisole
1,sexy brazilian bikinis
1,sextop
1,setsforwomen
1,sequinsnailgel
1,sequin top
1,seenyousoon
1,scrunch
1,schoolskirt
1,schoolgirl
1,scallopedtrimtop
1,saty
1,sanskrit
1,sandaliasmujer
1,sandaliasfeminina
1,saiaplissada
1,saialonga
1,runningshortsformen
1,runningjumpsuit
1,runningfitne
1,rugratsset
1,rugratsprint
1,rugrat
1,ruffletanktop
1,ruffledtop
1,ruchedtanktop
1,ruchedtank
1,ruched bikini bottom
1,roundneckflared
1,roseprint
1,ropademujer
1,ropa
1,romperswomenjumpsuit
1,romperswomen
1,rompersshort
1,rompersoverall
1,rompersjumpsuit
1,romperoutfit
1,rodeotank
1,rockandroll
1,robesforwomen
1,rippeddre
1,ridingpant
1,ribbed crop top
1,ribbed
1,retrotshirt
1,retro style
1,pyjamaswomen
1,pyjama
1,pushupswimtop
1,pushupswimsuittop
1,pushupsuit
1,pushuppaddedbra
1,pushupbikiniset
1,pursesampwallet
1,purses
1,puppyhat
1,puppy
1,punkshirt
1,punkdres
1,punkdre
1,pullovershirt
1,pulloverdres
1,printtop
1,printtanktop
1,printmask
1,printjumpersuit
1,printingpajama
1,printingdres
1,printedwomensdre
1,printedswimwear
1,printedpajamasset
1,printedjumpsuit
1,printedbikini
1,printbikini
1,pregnantshirt
1,pregnant
1,pregnancyshirt
1,pregnancydres
1,powerpuffgirl
1,portablefan
1,poolfloatingpanel
1,poolaccessorie
1,ponytailhat
1,poloshirtmen
1,poloshirtherren
1,polohomme
1,polo men
1,polo hat
1,polkadottedbikini
1,plussizevest
1,plussizetshirt
1,plussizetanktop
1,plussizeskirt
1,plussizeshortsforwomen
1,plussizeshirt
1,plussizepant
1,plussizemaxidresse
1,plus size monokini
1,plus size jeans
1,plus size hippie dresses
1,plus size dresses
1,plus size bikinis
1,plus size bathing suits for women
1,pleatedtop
1,pleatedhem
1,pleateddresse
1,playtoy
1,playsuitoutfitsclothing
1,playsuitforwomen
1,plaincolor
1,plaidchecked
1,plaid shirt
1,pineappleshirtwomen
1,pineappleflowerpattern
1,pin up
1,picnicmat
1,phonebag
1,perspirationpad
1,personalizedvest
1,pentacleprint
1,pawprinttshirt
1,patydresse
1,patternedtop
1,patiodecoration
1,patchworkdres
1,pastoralstyle
1,partyshirt
1,partyeveningcocktailskaterminidres
1,pantssuit
1,pantsshort
1,pantsplussize
1,pants women
1,palysuit
1,palazzopant
1,painlessdepilation
1,paddle
1,paddedfringetasselbikinibeachswimwear
1,padded swimsuit
1,packagehip
1,oversizedpant
1,outweartop
1,outside
1,outdoorwatergamepad
1,outdoorslipper
1,outdoorpool
1,outdoormat
1,outdoorampcampingaccessorie
1,openworkpanel
1,openfork
1,one shoulder-bikini
1,oldschool
1,offshoulderbodycondres
1,off the shoulder dress
1,ocean
1,obesity
1,nylonmat
1,nude
1,noshowamplinersock
1,nootnoot
1,nonslipslipper
1,non-slip
1,ninthpant
1,nightwear
1,newskirt
1,newsexyfulllongeveningdressbodyconsundressclubwearmaxibohodressessxl
1,new2020
1,neckhangingfan
1,neckfansportable
1,neckfancooler
1,neckfan
1,neckcroptop
1,navel
1,nailuvgel
1,nail kit
1,nail gel set
1,nail art
1,muscleshirt
1,multilayerdropnecklace
1,multilayerchainnecklace
1,multicolorprinting
1,mouth
1,motherdaughtermatchingclothe
1,motherdaughterdresse
1,mosquitoswatter
1,mosquitokiller
1,momandkid
1,minishort
1,minifan
1,minibag
1,mini dresses
1,mini dress sexy club wear
1,militarycamo
1,midwaist
1,midsleevebeachblouse
1,midshort
1,midpant
1,midilength
1,middlewaist
1,midcalfdres
1,midcalfdre
1,midcalf
1,meshshirt
1,mermaid
1,mentracksuit
1,mentionhippant
1,menswimshort
1,mensummerrunningshort
1,mensummerjean
1,mensswimtrunk
1,menssportspant
1,menssolidcolorshort
1,mensshortpant
1,menspoloshirtbrand
1,menspocketsshort
1,menspersonalityfitnessvest
1,mensfitnesstshirt
1,mensdrawstringshort
1,menscasulshort
1,mensboardshort
1,menpoloshirt
1,menfashionshort
1,menbeachshort
1,men's dress shirt
1,men's casual  shirt
1,men shirt
1,mediasmujer
1,maxide
1,maxi summer dresses
1,mattress
1,mattetopcoat
1,mattegel
1,maternityshirt
1,maternitydres
1,matching
1,mandala
1,mamatshirt
1,malebrief
1,maixdre
1,maillot
1,magneticscreendoor
1,magicbubbleball
1,magicbubble
1,luggagesticker
1,lowwaistunderwear
1,lovelydres
1,loungewearset
1,lounge
1,loseweight
1,loosetee
1,looseshortdres
1,loosejean
1,longtrouser
1,longtop
1,longshirtdres
1,longmaxiskirt
1,longfleece
1,longblouse
1,long sleeve shirt women
1,long sleeve dress
1,long shirt
1,long
1,lipsprint
1,lipshirt
1,lettersprinted
1,letterprinttshirt
1,letterprintedshirt
1,leopardprinted
1,leggingspant
1,leggings that look like jeans
1,leggingforwomen
1,legging fitness
1,leafprinting
1,leafprint
1,lazyfan
1,layeredpalazzopant
1,lattice
1,lanternsleeve
1,ladyswimwear
1,ladyswimsuit
1,ladiessleevelesstop
1,ladiesmessengerbag
1,ladiesdresse
1,laceuplingerie
1,lacetrouser
1,laceseamle
1,lacepaneltanktop
1,lacelingerieset
1,lacedresswhite
1,lacebrallette
1,lacebralette
1,lacebra
1,lace tank top
1,lace t shirt
1,lace crop top
1,kurzehosen
1,knitskirt
1,knee length dress
1,knee length
1,kleiderdamen
1,kleider
1,kindne
1,kerchief
1,kawaiicute
1,kaftandres
1,kaftan
1,jumpsuitsjean
1,jumpsuitshort
1,jumpsuitromper
1,juicewrldshirt
1,juicewrld
1,joeexotic
1,jeggingsjeansforwomen
1,jeggingsforwomen
1,jeggingsforwoman
1,jegging
1,jeansshort
1,ittakestwo
1,irregularhemdre
1,irregularhem
1,irregulardres
1,irregualshirt
1,irregualr
1,invisiblesock
1,interactive
1,interaction
1,insulatedcooler
1,insectzapper
1,insectnet
1,inflation
1,inflatablesofa
1,inflatablepool
1,inflatablelounger
1,inflatablefloatchair
1,inflatablebed
1,icesilk
1,humanskeletonprint
1,hotshaper
1,hotrhinestone
1,hollowouttanktop
1,hollowoutlingerie
1,hollowoutbikini
1,hollowingout
1,holejean
1,hipplesoul
1,hippietshirt
1,hiplifting
1,highwaisttop
1,highwaispant
1,hightwaistpant
1,highsplitdre
1,highcollartop
1,high waisted pants
1,high waisted bathing suits
1,high waist swimsuit
1,high waist skirt
1,herrenpolotshirt
1,hellyhansen
1,heartprint
1,headdress
1,harlonpant
1,hangingneckfan
1,handwoven
1,handkerchief
1,hammock
1,haltertshirt
1,haltertank
1,halterlingerieset
1,halterlacebralette
1,halterblousesforwomen
1,halter tankini
1,halfsleevedres
1,halfsleevedre
1,halfsleeve
1,hairrope
1,hairremoval
1,hairgrowthinhibitor
1,gypsypant
1,gypsy
1,gymstighttshirt
1,gymshortssportpant
1,green dress
1,graphicprint
1,graffitisticker
1,gradualchange
1,gradient
1,gothstyle
1,gothic clothing
1,golden
1,gold
1,goingout
1,girltanktop
1,girlsupplie
1,girlsshirt
1,girlsbowknotbikini
1,gifts for dad
1,giftformen
1,geometricpattern
1,gauzenet
1,gasballoon
1,gardenponddecor
1,furslipperswomen
1,furslide
1,furryslipper
1,fur
1,funnytank
1,fullmark
1,fulllengthdre
1,fullfacemask
1,frilledhem
1,frilled
1,freshsummer
1,freddiemercuryshirt
1,freddiemercury
1,foreign trade
1,flyswatterelectric
1,flyswatter
1,fluffyskirt
1,fluffyshortskirt
1,fluffydres
1,flowytop
1,flowytanktop
1,flowerprinteddre
1,flowerlacedre
1,floralwomendres
1,floraltop
1,floralprintswimwear
1,floralprintromper
1,florallingerie
1,floraldresseswomen
1,floraldresse
1,floral skirt
1,floral bikini
1,flora
1,floatseat
1,floatboat
1,flipflopsandal
1,flatshoesforwoman
1,flaresleeveblouse
1,flare
1,flamingotshirt
1,fivepant
1,fitnessvestmen
1,fitnessshort
1,fitnessset
1,fitnesspantie
1,fitnesspant
1,fishermanshat
1,finger ring
1,femaletshirt
1,fearofgod
1,fauxpant
1,fauxjean
1,fathertshirt
1,fashionwomensummershort
1,fashionwomensdresseveningcocktaildresslongdressbandagesmlxl
1,fashionwomenmonkini
1,fashionvesttop
1,fashiontunicdres
1,fashiontee
1,fashionswimsuitswimwearbathingsuit
1,fashionsweetladybeautywomenbikinisexyswimwear
1,fashionsundre
1,fashionpantyhose
1,fashiondesign
1,fashionbreathableshoe
1,fashion swimsuit
1,fashion shirt
1,fashion girl
1,fashion clothing
1,fashion bag
1,fanscooling
1,faketwopiecesdres
1,faithtshirt
1,faith
1,fahsion
1,facial
1,facecover
1,eye
1,eveningcocktailskaterminidres
1,evening gown
1,ethnicstylenecklace
1,essential
1,ellessepant
1,ellessedressforwomen
1,elegantwomendre
1,elegantsplitskirt
1,electricswatter
1,electricbugswatter
1,elasticskinnypant
1,elasticblouse
1,elasticband
1,dropcrotchpant
1,dresswithpocket
1,dressshield
1,dressforlady
1,dressesforwomensummer
1,dressesforwomencasualsummer
1,dressesforladie
1,dragon fly
1,doublelayer
1,doorscreennet
1,doorcurtain
1,doglovershirt
1,doghat
1,dogcap
1,divingsnorkeling
1,divingsnorkel
1,divingmask
1,divingequipment
1,disposable
1,digitalprintingvesttop
1,diamondbikiniset
1,diamondbikini
1,dewshoulder
1,denimromper
1,denimjumpsuit
1,denimjeansshort
1,denimbibpant
1,denim leggings
1,demin
1,deerhuntingprinted
1,deepvneckvest
1,deep-v
1,daydre
1,datingdres
1,datetop
1,darknavyskirt
1,daintyring
1,dailyclothe
1,cute crop tops
1,cushionbed
1,crystalbikini
1,crossbandage
1,croptoptshirt
1,croptopsforgirl
1,croptopbra
1,croptopandskirt
1,croppedpant
1,croppedjean
1,cropped
1,crop tops fashion
1,crochet top
1,crochet halter top
1,crochet bikini
1,crisscrossbackdre
1,crew neck sweatshirts for women
1,cowlnecktank
1,coverupsbikini
1,coupletshirt
1,countrythunder
1,countrymusicshirt
1,countrygirllegging
1,countrygirl
1,cottonshortsleeve
1,cottonpant
1,cottonblouse
1,cosmetic
1,coolingfan
1,cool shirts
1,controlpantie
1,contrastcolordres
1,compressionshort
1,competitive
1,comfyshirt
1,comfortableshirt
1,combo
1,colorgel
1,colorfultop
1,colorchangingshort
1,collegegirlskirt
1,coffeetshirt
1,cocktailskaterminidres
1,club dresses
1,clothingampaccessorie
1,ciclismo
1,christiantshirt
1,christianshirt
1,childrensballoon
1,children39stoy
1,chiffonesummertop
1,chiffomdresse
1,chiffiondres
1,chestzipper
1,chemisehomme
1,cheeky bikini bottom
1,cheap tankini swimwear
1,chaussurefamme
1,causaltop
1,causalshirtwomen
1,causaljean
1,cathat
1,caterpillar
1,casualwomensjean
1,casualtwopiece
1,casualtshirttop
1,casualtrunk
1,casualtrouser
1,casualteeshirt
1,casualsuspendertop
1,casualsummersportsshort
1,casualstyle
1,casualsolidcolor
1,casualsleepwear
1,casualshortswomen
1,casualshortpant
1,casualshirtforwomen
1,casualshirtformen
1,casualsandal
1,casualloosedres
1,casualclothing
1,casual cap
1,cassualvest
1,case
1,cartoon t shirt
1,carolebaskin
1,cargoshort
1,carcover
1,caprisforwomen
1,cannabisleafprint
1,candycolorsock
1,candycolordres
1,candy color
1,camouflagetshirt
1,camouflageshortsforwomen
1,camouflageshortsformen
1,camouflageshort
1,camouflagepant
1,camouflagenet
1,camissole
1,camisolevest
1,camisoletanktop
1,camisolestanktop
1,camisoles for women
1,camisoleblouse
1,camishort
1,camisamen
1,caged bralette
1,buttonup
1,buttondres
1,buttlifting
1,butterflytshirt
1,butterflyprintskirt
1,butterflymask
1,butterflydre
1,butterfliesprint
1,burgundyskirt
1,burgundy
1,bunny
1,budsilkblouse
1,breathableunderwear
1,breathablesportshoe
1,bre
1,brayogavest
1,brassierefemme
1,brassiere
1,brasbraset
1,brallettesexy
1,braceletset
1,bowtop
1,bowknottanktop
1,bowknotdres
1,bohotshirt
1,bohoskirt
1,bohoshirt
1,bohodressesforwoman
1,bohoclothing
1,bohemiasandal
1,bohemiansandal
1,bohemianjewelry
1,bohemiandresse
1,bohemian maxi dress
1,bohemiaalloynecklace
1,bodysuitwomen
1,bodyslimmingcincher
1,bodyshaperwomen
1,bodyconwrapdres
1,bodyconvest
1,bodyconsundres
1,bodyconsummerdres
1,bodyconset
1,bodyconromperjumpsuitclub
1,bodyconclothe
1,bodyconblouse
1,bobo
1,boatneckblouse
1,blusasmujer
1,blusa
1,blowing
1,blousesforwomen
1,blingblingdiamond
1,blackwhitepink
1,blacktshirt
1,blackpant
1,blacklacetrim
1,black skull bikini
1,black lace
1,black crop top
1,bikinsuit
1,bikiniblouse
1,bikinibeachwear
1,bikinibeachcoverup
1,bikini2017
1,bikini suit
1,bikini sexy
1,biking
1,biker
1,bigcode
1,bigcat
1,benchwomen
1,bellydancepant
1,bedroomdoornet
1,bedroom
1,beacwear
1,beachwera
1,beachvesttop
1,beachsundres
1,beachsuitforwomen
1,beachshirt
1,beachsandal
1,beachphonecase
1,beachmat
1,beachlooseshort
1,beachlacesleevelessdres
1,beachjumpsuit
1,beachewear
1,beachdrss
1,beachcardigan
1,beachblouse
1,beachblanket
1,beach wear women
1,beach volleyball swimwear
1,bcklessvest
1,bathingshort
1,bathing suit women
1,basicvestido
1,basictshirt
1,basictop
1,basicdres
1,basic
1,basecoat
1,baseballcapforwomen
1,barefootjewelry
1,bangdagebikini
1,bandeau
1,bandanna
1,bandage monokini
1,bandage dress
1,bamboobag
1,balloonsforparty
1,balloonsbirthday
1,ballgowndre
1,balckandwhite
1,baggykaftandresse
1,baggydresseswomen
1,baggydre
1,bagbuckle
1,backlesstank
1,backlessswimsuit
1,backlesssiamese
1,backlessromper
1,backlessblouse
1,backless halter top
1,backbowknotvest
1,babyswimfloatboat
1,awordcollar
1,avocado
1,autumnblouse
1,autumn and winter
1,athleticshortsmen
1,athleticset
1,asymmetricdres
1,asymmetricalhem
1,armpitsweatpad
1,armpitguard
1,antislipsock
1,antimosquitonet
1,antimosquitofly
1,antifoggoggle
1,anticellulite
1,ankletchain
1,ankleinvisiblesock
1,angelprint
1,airball
1,air conditioner
1,abito
1,a-line skirt
1,WomenBikini
1,Women's Sweatsuit
1,Women's Bikini Swimwear
1,Women's Bikini
1,Women Sleeveless Top
1,Women Leggings
1,Women Cap
1,Woman clothes
1,Wolf
1,Wedding
1,Watersports
1,Waist Coat
1,Visors
1,Vintage swimwear
1,V Collar
1,Uniforms
1,Undershirts
1,USA flag
1,Two Piece Swimwear
1,Triangle Swimwear
1,Tree
1,Travel Accessories
1,Travel
1,Training
1,Totes
1,Tiger
1,Thong
1,Temperament
1,Tech & Gadgets
1,Tankini Swimsuits
1,T-Shirts polo sport men's
1,Swimsuit  For Women
1,Swimming Pools
1,Swim Wear Cover Up
1,Swim Shorts
1,String Bikini
1,Storage
1,Stickers
1,Sterling
1,Star
1,Stamps
1,Sport & Outdoor
1,Solar
1,Sofas
1,Sneakers
1,Smartphones
1,Slimwaist
1,Skirts women
1,Skincare
1,Skateboard
1,Simple Style
1,Silver Ring
1,Silicone
1,Shoulder Bags
1,ShortsMen
1,Shopping Bag
1,Shirts & T-Shirts
1,Sheer
1,Shaving & Hair Removal
1,Sexy women
1,Sexy Wedding Dress
1,Sequin
1,Seal
1,School
1,Rose Gold Ring
1,Rope
1,Roman
1,Racer back tank
1,Push-Up
1,Pure Cotton
1,Printed Leggings
1,Pretty
1,Pouch
1,Polyester Shirt
1,Platform
1,Plastic
1,Plaid Dress
1,Photography
1,Phone Accessories
1,Phone
1,Pet Supplies
1,Penguin
1,Patio
1,PLAINCROP TOP
1,Owl
1,Oversize
1,Outfits & Sets
1,Outdoor Sports
1,Off shoulder tops for women
1,Nightgown
1,Nightclub Tops
1,New Fashion
1,Neckline
1,Necklace
1,Muscle
1,Motorcycle
1,Moisturizing Socks
1,Military
1,Men's vest
1,Men's Sandals
1,Mats
1,Maternity Dresses
1,Maternity
1,Massage & Relaxation
1,Massage
1,Man t-shirts
1,Long sleeved
1,Long Coat
1,Loafers
1,Lingerie Sets
1,Lens
1,Leggings for Women
1,Large
1,Laptop
1,Lantern
1,Lady
1,Kit
1,King
1,Jumpers
1,Jogger
1,Jack Daniels
1,Indoor Slippers
1,Ice
1,Household
1,Hoodies
1,Home Décor
1,Home & Garden
1,Hobbies
1,Hiking
1,Heels
1,Health & Beauty
1,Halterneck Top
1,Gray
1,Gold Ring
1,Glasses
1,Girl
1,Garden Decor
1,Furniture
1,Fountain
1,Formal Dresses
1,Fitted Dress
1,Fishing
1,Festival
1,Female
1,Fans
1,Family
1,Exotic
1,Equipment
1,Embroidery
1,Elephant
1,Durable
1,Dress Shirt
1,Door
1,Doggie
1,Dog Supplies
1,Deer
1,Decor
1,Cycling Clothing
1,Cycling
1,Cotton Mens Shirts
1,Corset Dress
1,Cool Tees
1,Computers
1,Coffee
1,Cocktail Party Dress
1,Cloth
1,Christian
1,Chinese
1,Chic
1,Cherry
1,Charming
1,Charm
1,Casual sweater
1,Cars
1,Canvas Shoes
1,Cake
1,Button-Down Shirts
1,Bustier
1,Bucket Hats
1,Brazilian Bikini bottom
1,Brand
1,Braids
1,Box
1,Board Shorts
1,Blanket
1,Black Top
1,Birthday
1,Bikini Lingerie
1,Bikini Cover-Up
1,Bikes
1,Big size
1,Bicycle
1,Bib
1,Belly
1,Beds
1,Beading
1,Battery
1,Bathroom
1,Bathing Suits For Women
1,Bathing
1,Bath
1,Basketball
1,Bali
1,Backs
1,Baby Girl
1,Arms
1,Anklets
1,Ankle Strap
1,Angel
1,Adjustable Baseball Cap
1,Adidas
1,90sfashion
1,5pointspant
1,3mreflective
1,3dprintedtshirt
1,34sleeve
1,2piecesbikini
1,2piecebathingsuit
1,2in1sportsjogging
1,2in1short
1,2014summermenshort
1,2014menshort
1,"2,piece dress sets"
1,"2,Piece Swimsuit"
1,#fashion #shorts
1,#Summer Clothes